118e15e8c7c6836696cf3bfcd8f5c95d9d49e785,2.351621668059774,48.847889449223906
cce972ffec30ce7b71986d1d00f76f112fbce685,2.337804892463548,48.85914006975537
cdadfdeb4cd37aa11948bcdbc33524c8b5cb9943,2.3389352710099516,48.85895637801576
7a81506ceee35564837127f7eea9e22694b76f67,2.2537587396299896,48.83896647031334
058e0ef37a661ec15b39ef791bad34cf434afe18,2.3712214221073493,48.83709842058553
ad0e6c5cf1c4654d7f65da41e4dd954d0b9932eb,2.367748016337834,48.84211485161187
b5cf711a2278e79063beaecf0a12993ce98b372e,2.331824963148333,48.860272614582094
0592e9169c84ee5cd8c2a62fa086e082758f1bdb,2.3352905488659434,48.85805785764382
e0635ffe9a269c1022fcf1fa88f87d3762247fbb,2.3374532753305552,48.85774220858054
308331d543aae3a534da4ea5bf162c5c26111e46,2.2803361569745224,48.85210261288084
ed533ef6cdfe996b98a4c70e2a9b44566a650320,2.2714898357527606,48.83400387934987
bac4c5c87e8da02736e2d1e7f2b815b92cb49fa7,2.375290748294811,48.8299514772227
12489e9cc15b7db3311bac543215fce775de7779,2.3114281716919516,48.887945525427455
f659e07c41e3b9ff5cd03d759f6122a5d5c470f6,2.3114603558863127,48.888076633491636
fd72f3539659b02b3158830acd9f59e640308836,2.3051328855317115,48.890907542494745
aa5c960c1b68e942ffac00ea89cba5e5ba195ea9,2.305572143626378,48.89498886536936
eec99a64908cdca73a260463aaf6b543620c7206,2.3350754398382207,48.82651527657044
0f635184677f25066c579d72f2ed3c29ad377803,2.378893042936014,48.890060754383796
209e79ce7bf91092b323ebbbeac3df759e459a0e,2.38089900749702,48.82915278770521
703bcba5d0d4f49b6d606518cc9ed4c8af9705b2,2.380942138168513,48.82917176614049
855d122dd8a6ee22f2163e4127e069de3d9555ac,2.3476604485193797,48.86158020760624
09e3be2d91c6f843688919f2733b466b8f9d7f7b,2.2805304394297443,48.850609339356744
4448523d559ef29845afcb098761e05ca1eed78f,2.35132082889632,48.87858352254818
e06278dd3ca56d4ab28e9d62a4a13f96ecbe0c2f,2.2804746118452806,48.852048697421914
577d5deb9181bd727bc4ca333fc1b007a7385645,2.3452709773598497,48.86134693792511
d89513eef02437fd1be4995b6a8181c9e8cfcf63,2.3642014857530333,48.87646396033254
8e5658600d5e1e2cfab6badcb3273decaa89677d,2.3441111610634073,48.86326332540044
06d784cf24823d63887c1f4f935fb402c4acdee5,2.338046597233433,48.88869671941353
464eb09895ab389b35e97cd96014910ebadd8ded,2.296436411187101,48.86316128178326
e0e04d9f3b25dfe2f4796e2c374161516f55e2a7,2.342404971098882,48.88528892097486
5defb4a330ced56d62e5c1a3a49f3b7f10ca2b88,2.3633934197608104,48.873182455130745
a14bd206f09ed96134637bafbb4e965e1f853cef,2.3486047623645243,48.85668781870173
3963fb6307ae917b8cb6ad759ade5d2431f4d331,2.367900395961546,48.860148036280336
ed06c88750ef886079a10649662fedee109ee30e,2.3384761854458516,48.88666738021449
07fafdc1fd573d44ee45a1f7666cbe4673672e49,2.302627611126581,48.86282965531055
5179c2b8e0359d3e1a1d393c2714c18014d5f0ef,2.336106549877712,48.887282341438734
f3e555f58e0afc32797c9172386d95572804e1f2,2.340479476195569,48.88617661245911
2079056ec605d11c20a944b6c4ce1cd9bbffe1a9,2.341468040765745,48.89769983025183
ff73ad6b992e568d8f040205de6faf1b39764236,2.4006801059275533,48.87371628399169
2bde06060ce37e900fa329596a565ea94ea317ed,2.2746873121404128,48.84722382297044
919c020d4e3271f3c8acf438682f458d6ee5d5ae,2.3908837185298633,48.8782079571083
e56093ecd4e395f0cd16d746717ff40c97b9d527,2.3178927562367675,48.84299608589961
e9781dc28c19de658ac8bee0eda5d3114324d791,2.3991940673836445,48.87700936807304
eccb47bd86c5bc1a5965d6b21c5f85783a293139,2.343211819325713,48.853550204251555
4310675f00e1af104887280198f383664ef4d830,2.391744970908923,48.87123090534344
37d82447afe88cc95fdf6278f887f2b9a117eee2,2.3179334707552486,48.84013100152417
9ba9984c53871f5bc00e70df85c0a235d75f6d0d,2.320702340478742,48.841309986464225
1f4d576414ae5f5628d20a43da26ce3ce3e7ccfd,2.3767401684159757,48.82757662195667
d0f0b713f83e7a5fe57278aba8e0e1c3b51b8d89,2.3457933236802466,48.86081982625653
3d929985210c334a93523223e8b45493e9ea62e4,2.404716613851772,48.858934873327506
558124c8bda726564272c728519114a571a46e6f,2.347638096083056,48.85278376862352
a55cb374e7940c05925204a47ab8bedf8229e6d1,2.346793766724798,48.849312212339484
cff8b794120c852af83fdb8b73581996a3445466,2.372547458940948,48.8260120603968
49c7079a3c7a3223e434cf2f7cd3c9933d13f24d,2.406007556748613,48.86084480302117
a531800209fbe5ad7c945c95cb7cc44b29147dc1,2.3490125111404656,48.851791976957195
8bb6830c3e16964580329c2bd21045ed60ea0156,2.389742648683538,48.868810718910055
2e5497d6b91caa41da8833660da4e9b893af815e,2.276382446066527,48.858136410018325
e5a8c7e28c09b310459d80580d00342ddbf451fa,2.391267375626564,48.866441395623276
bc9d7eea25a27aa4d94df4f1ea382d1403f5c68f,2.3902220118092132,48.867567061145806
4984ae5b3294ababa3cfc7f7907514d0efe13fc3,2.3414974841389564,48.88886161877833
8d41d5f4f1483076b6e1e38474395d913199b0ab,2.3455461773283304,48.887718208487726
e23ed46c9912ba1abae395ce9b3c6f02d7bd69b8,2.348734456949923,48.83697555949047
039cb837d24429709fa43eb51a66cd6c7606618c,2.3492382436847667,48.83719217119904
1efc3b3afc0ef454ad8a514852a241874106f927,2.348852007709323,48.83723711683242
d447f9fee587e29a2a7a0d1c15c57200356017b8,2.3422850440622742,48.8852708156097
7a13693eb474a87a72fbf2d15b6d356a237abfee,2.3418372239737026,48.88505483987362
c538b9601ffb9a3a3a3fcd46fa84bd5fdc875836,2.3140351272785327,48.863002584108294
57f4417fe36fdbe981b72d88943d9c0894b55f43,2.3758261331774637,48.84500869269746
47a8a99891239d01dd5999c3f60e9f12eb6628f7,2.3473497930010936,48.856031849690936
74f84498f9d3b1c2303122171bc7d4bf02212da6,2.340210052045161,48.88989683802191
596f270834080a2d8cc7fe509beee7cddca3dba9,2.346759239721791,48.853553065745054
7cd5e4c11f7a691602cf56aad1bff4bc89acea40,2.359685758757498,48.84981874989484
1f89cf9f2d965954f4109b21c8a1d293925971e2,2.3537542086024787,48.85354466156177
9ea9b2c2c31a14b91d8a653fedb3131d00cb080f,2.2939966238162124,48.87427714897915
0e19e63d2149e95ef3584bc47a718613133a317d,2.305034931413258,48.825460044616456
cc86d772a6bfc3fee0aa44b6b68abba4850ad0e2,2.3450905287503927,48.85416565838035
81055f185569fd2277f2310952fd822e1d322385,2.3368952941783565,48.81662713154546
59085687b5eaf3aab97a98c6c2b700dc9ad4a277,2.349748214196184,48.870094653168366
e9f4c85bef7fd53b9182941b49233319fc2fdb76,2.341381944880948,48.89065200469741
c8944a39fbfaab5b4947018e7acea99837a5c8e7,2.3170987975661306,48.894550741724764
f74d7adf281cdc87e521fcced2e13adf9fbc9582,2.3327558859266744,48.81805692169641
4feb87df73e28a428d00830617668fd5a454fe73,2.328704821439604,48.89746006853031
d505d14af441535f923f9ada5f6a4e401ce1a7f9,2.360477033360159,48.85221981888551
d5d56bda8815565dab9e5a77fd2dee4c97008fe4,2.3613652942058567,48.85352898232523
023f041fa985d2d1637bf668599a267f5a20c0d4,2.3467740974712923,48.88986298982477
54ab7c02a35354cb89de8adc6ecce9cff54260f7,2.3368634505317396,48.81663501303046
d97fcf117fa3a0c04e97f27068c8b2596ca3c6ed,2.351466863570204,48.84662477529912
8857b2831fc6c0f8255edce78f92db28d70acb87,2.364566948632622,48.844766157216945
02ada1c47dd711355f1534f01f879d8b7190c920,2.3935744616963053,48.84120245980087
aa2683767852437e001bb48f1c7c627257e74b23,2.2911028868067795,48.871700888298236
3834f90e16f7bf8cbc457741fbf9ecbd99820f53,2.386398596013053,48.84249523973258
daa5f7e5b9f3aa04737933f74246d93a2b24944e,2.365267055994361,48.84417142414533
1b5f91e5668e2b8b8d0a982c62e3e4fd14ea1ad7,2.3252836089201527,48.82031760683599
dbe8835a87d4cf5c05db53a4457fa077c6214ca8,2.3216215824289645,48.821133600768334
9bb8ca7230f816b78b5581e1d75f5899320c3663,2.3430073425616853,48.84755525675896
9d535376fc87663ad9dcefa5cfd5a6445441c00c,2.343006046824352,48.84755850758643
53f8ebfc2a4ccea0b6719560c1fc7a0bcdcdecc3,2.2858313741292333,48.85732797494713
4d61db775cbd129174684b543b5d4d2ddbb6e200,2.3381282244503048,48.89681827330141
fc4ca25acbe690d867f282745ae86efcca7e4d64,2.285868280813451,48.85757033792108
61a4be9459cacecbae45b2ab7f280e43f3938cb7,2.324043959534267,48.86126400705361
4551ab2305da74e680739ea8d8748895cb7def10,2.3861730760579567,48.84383810398364
ffbde29a4511db505d04ddb562dda2abb8c6d110,2.358225632483045,48.877784289667076
2a947448e51f4ea2b2b6f93f517124b9ff0a3e57,2.349688547251077,48.86999207309748
f61e6e8fdf6028b55bad25ecd09afe0494b144e9,2.319876584984828,48.878014709391394
59234f8c69fd94f9844b84a50dbccca55a9ceeff,2.3381784193564035,48.896838492821175
d0de3d589be9d3c29261385f9c45c2dc2fd2ea6d,2.413130347486794,48.83786093855387
d73cf24eed0ee3b8388418d5904fb64d9d3c38b6,2.3334013854039877,48.82017048607011
e786d355de8e09e92f235584c590ea487b9b31d7,2.322071404280527,48.86186502399464
0b6f05fe74e0eebaadbbb04ef5ec803959e1f23f,2.350656982442244,48.8694054869646
4cfa4fe15a83722acbf51af82fe4b2122d84bf5d,2.4141759507267238,48.840576216170454
7203c935a8213ff79eca268b1b90827ee90d8a55,2.34999164096504,48.8517620046256
e683f245d6dd43aa17da8ce2066d56ac1bdafc9b,2.3519400759585376,48.851058864123836
f8eec60d7367a58220ebbb779558692b3621b7b3,2.3707376748766187,48.83796917363988
bedec607e7df801cf43f855397e55f3a8622add2,2.279960858462618,48.85487394087916
c35d9456df6da3f1f86383d0ebfa2d4b18098c0c,2.284228948112956,48.85746038902018
b3e53948dc53976f5f204c92afc18aa5f47ff9db,2.3692040960064906,48.840536256649145
da3fcd0f7176fe5b9e5358d26f2bc66042686187,2.39654237355337,48.89646836941639
e9dd48c63704a4ce9b79f9175333ca494be1978c,2.411110696951046,48.863500117821204
074c4f1d05e6a977a6c0805673c3b0f3e5c33b82,2.253760464707007,48.83897654438228
c6f2ffb91c9d0d574b33de5ec93d1356607e8a95,2.3514677128080472,48.846628261084405
f629d94cbb9773094a0f94d09c823c43b4b6eab3,2.351468513546268,48.84663165344668
a6e59e42be760bc9c14c28c18f549f9934331608,2.3514818683180825,48.84662670143168
d54589b05ec55a952c8db03c7e735f135dd7ebdc,2.351484289163283,48.846637178618785
a0459155cdeede0959cca5f626a14ca7c2373e3d,2.392105100194698,48.84163804630993
f4bce30df0cc273aba3005af4daecc0b5bf1f0bd,2.2894153735985587,48.8555296460507
d3e213cfb7ab00c1c38c893aab6b57949d19e59c,2.3862590991166988,48.883774322466785
887a6d4b89e94d71bcea07415174ce29974617c5,2.3510671838765194,48.83004401202051
690c9a5ff7c5ca8c3826ed4855e3f32b94c88132,2.393045758182318,48.83858937733754
6ffdf0ab53f4437cde09067e3f77a4e70c16c704,2.408561678028452,48.84684797959717
cde80bbb48a4f16050611f5074f878b8be92779e,2.3608852998100587,48.85297719699202
4223737c64f0aa30d2bfa1b2aa45080ae509d05c,2.312921677020251,48.862977515081816
9ca0e0ca3f2863dcb2346b6861ed9645ec83976a,2.3472913016917007,48.85335065841794
ee517c282fed7597abd5d44d1b0d1f058bad22e5,2.2963811488772947,48.873551693797715
290c8d89c3b35f0ba891892f3baa098fbe02d7bc,2.350935553183505,48.85483041504291
a80b87c9e682f467e5b23cca3c9f046d27e82080,2.3601833770056295,48.852328591643
af63342b18c660f555babf9cbf43ed3555021063,2.3327015713256807,48.88946743139068
001d52ab7fb31efcf46e6a9002fc52331506acf1,2.353198559005239,48.85304448552892
db10385eb32b4639034ad4f643d1b48ab51d1c54,2.351748781362364,48.853850679569334
9e079be945be5c86789923000b8be591153e9abf,2.3516535418178837,48.853974241783696
85c62caa270e5e5c424f4768f58dba7ef100b31a,2.3385678752914174,48.85896401978948
939e55c1d88a59e308a62854b74764b45b45d6fe,2.3379090095918413,48.85912672243206
ce7eda591c66867745d719da8e2e42a8e9068d4c,2.37701088379054,48.827992819313216
03113fc621b928e2acd422a40636641ad899aa19,2.3804833519993713,48.82921556393466
15aa9d46781eadafc3148ad4e1ce2011e01b368c,2.3572296628578355,48.85633709500362
4d0f7d9e593cbee7bbdf6865d80820b3871c1b4c,2.337285905904342,48.85917461459957
370d9579ffb04080ad3283e91ce81dae4392b13b,2.3986647733587048,48.83498156625846
95bcb44e96c95487f7ba81ceb090255c0a45ba59,2.344888145158531,48.88632502797196
d8df3d537ab92f3608fb22583872b44f1a227894,2.3420077503889463,48.88842470382558
c57cab937fd6011d7cc90daca3cf4325843b0d0d,2.3946512222138803,48.88891547962775
c3996334aa6cb70708723c2ef1f8b16dab10fd95,2.3864950603211077,48.83082519301251
40f14979be980c24bdc47539313daa740c94a9d3,2.3387046875818447,48.84975343612087
a3b58f5cb8dd4eb66bb1a57ed65240bba2aeef05,2.3414812518087875,48.8888287541358
1adc9fb2dd8b23d2f4c53454131935b19dec218d,2.3444233018614793,48.887453374469885
d71ff9afd38f6b1805df565c7f8197ed369741fd,2.350859177115385,48.843464329946805
8f978059c0e567c23263c4f4c4ce4ee7df6ae096,2.361448953959591,48.83371202175014
5af6fecb068d16ed2583d6bd3a7f8bf177f45275,2.2631308918504844,48.83557693765166
b573c4750128b4c41e23f20ce9930241d25d0ce1,2.409189340009452,48.84176106199825
d18c5d357b27efc3c3a08952660030fd101174ad,2.35146270857689,48.84660694729025
92d059064618d9fc0339ee148716bd06256b6a33,2.3514761151918857,48.84660242572483
4cc0b9c7238382fff4a1c876e4bb0e39c6f02a32,2.4071851359392418,48.84117433574181
25f40bd388b985f2510d0d6ff84efad15c77b212,2.3505838477867536,48.85851407116813
15450f4433c2e142cceef474c510eb1c34aee5f2,2.3380079657392208,48.88860398544388
878a907041eede6e0c7eefa83a8c64623b1ca8c4,2.323878789053982,48.85643817112627
6902e7fc72464cb34e4d9e5f987b4ebd0ad6b33e,2.3379045168869252,48.88585100670384
4b2fd1f5e8fca369babddfbaf50146b402d7c9cd,2.3651849520453476,48.871809289114914
9e1130086365ddf61310bf49f08132a7dfcc20ce,2.3987489421277135,48.88385119809339
e105b26b1d604a57cd7adb9510cc562d7d6b6048,2.3407711334750285,48.85720573814589
6ee4857b912dd8893894445dbe64f33248626e7b,2.366382485116396,48.86976116216082
65e2d6a464ad4456d07821df98d001f0f9b93646,2.3666321426889416,48.86984544003201
056f2c67017f16ccaf64d043d653b55e4f2e4f19,2.361706233833817,48.84916559697293
c2355cd5699284bb78e2933f26c03519a01d549a,2.384905711985576,48.893790093500286
af08dbe1c161b3711384813ba8960a3ec094a7bc,2.3517463648110755,48.87832622952494
4e08eca650007b713fd6963d4854fd000469de6c,2.3796169105208524,48.888337367121416
9cba4f787884611a9438a5cd15788ec1ab8a109a,2.3496297217858513,48.839279706020136
8203c7237d4a9b673580ba26f00b7f96558cdbe1,2.3794331793093275,48.889104801251136
6a45355c34659eee99860462001cbc5862addf1d,2.363463365377885,48.873974166763965
a7c42f997de326c32b1a72498ed8119011cb4079,2.4075457255491672,48.8652719952312
ccaf3f6f2a24a86f71ce451d3779ffb776ca3902,2.386739809022073,48.870568435404856
a82ad3192d62573d0c586d48721457e4dc8d6cd4,2.4076439970976193,48.866317942887825
c620725321e41aa9a6426732c955a2e38620c825,2.3625164274769133,48.87688643950338
ffde45f4b1f48e62bd25c1da8ce47c4a2b795e9e,2.347325975834847,48.83737715818358
4806d852858b321e7dbb3f104bc6932a6604b0b9,2.3418491173207325,48.897728021955956
8efbe0a912be2b813418b37b3289fcc994eb3b46,2.3901818755973685,48.87909797317419
4085be7070d9cfb681dfdc95c40289d5cb3bbba8,2.3647687625145837,48.87173376629228
306da6adb489327571191c673c8c50eaba370942,2.2682555356512943,48.84059215590221
85cb87e66eda198a1533a0041a04ade98e9b9e97,2.321165118409942,48.83744726018693
5e62b317fb54967a4031e25ce859037b89403809,2.319579213942746,48.839284889033486
02e3e5682ee60e18efbf3a94d274c7e6fcd2588b,2.3201130860818657,48.83973886613901
c85527f1989aed7406b3a34455efd8b2f60e9a0a,2.294077428546447,48.87777840201593
fae0fcaafc550f1d4e7bc57c7f3a388498bfa0e1,2.31990631477639,48.83956327168549
0458c367a65901693c42e5bb72bce6e57575f9c4,2.3179909871327475,48.840179827290584
74a7e250f88744ab83fd4dbaa37d617bf5d44e3a,2.3209402682127105,48.84258824994284
329c661ac40171ab53121c522f8ea650d04bca44,2.3469515905478575,48.86241114564851
c3dd432f2baad6388c39c73982a99f8a3da3a1dd,2.4005493408489227,48.879578845351666
0f83b4e200d7ca67b9f75b33b8540aec2d1faf8c,2.2744230793703224,48.846949548387606
4430512d7e7943599bfe99d0fe3a6afd8a0deb97,2.346313808140019,48.863164418054495
5fd9ff55bbb099efb17d3625cee62c022085bd42,2.3455750814011394,48.8608930961927
fa85fbcd8cf5b8ceeccff3e6d2824a8518209fde,2.3485430031639236,48.848817234432914
a3d72d2b1626670e22b5936c6855d45d8dc52267,2.3732999136345017,48.826255825870504
4ec82c42906997996d4f16da17d4fbcd37c60c9f,2.4028090327742415,48.876240780934
bc5d4f96b779e137e8cf2169eca074674760385f,2.3521025968668434,48.844528461562824
e41aa6103a770c04691b79b0d35c541001d25609,2.3514826791608905,48.846630131463414
2b6c729179d493f475addfda038398b67d9cd113,2.351466054504308,48.84662119336535
1357e2223379c0cb3d66baaea76db049347859f9,2.3965781732401266,48.867640482773396
bcb96b4cb074bb5850672030d2804709d348d5bd,2.3508827051964576,48.84685159018851
a3ec9959e2251933029c87026dc06d2cbb520adf,2.3935469294643554,48.86639701185638
88db685932e916bf1bbefbe1f43b0be0e61ce5af,2.32524709903333,48.862332437627636
3e527ba8f2d42f560537ecbc3573a303f114b9c4,2.3961526588491235,48.868240652248026
392d915ac21d4b94ebfce3138cf7b8c2996d1a49,2.4047948050712167,48.860931774088
b255069c50bd4de7945d75177c40967646fee163,2.3377306316934585,48.88858493264067
7c592802f77a86cd8120e866cf65579f187284d9,2.3381228736746853,48.888614008980085
689d596b3493b2883b6312d9ac46019607dc240c,2.340018596532419,48.88911697696445
49817043fa5a5afb4700e7382915dbae5fada4e6,2.342487725264718,48.884760734281066
6f98229fd993122abc362797dda62cbe338c1b6b,2.368582855338461,48.85771752478144
2aaf74f20e877bcab8be7d6a200fd6cd06aa60b6,2.3423907141809184,48.88550470781092
6959d6ba3791b3096ce5159a3107273f6c7223ee,2.3419036742010837,48.88519018245572
ed63790f9ac5834b8f5e5ec02706a4ac0b3e9dcb,2.37555832982137,48.87785345296821
354f7fc1e33cba65a76944e73a76c4879edac065,2.3374287038480044,48.88860779775026
eb0602b8fd12851b6121503f072d6aaf04bb17a3,2.3930224065876162,48.83857376410648
89c0b4e7ac1bdde3a1cec20a22e536a6259928af,2.3514693095205086,48.84663520035826
c01ddf81c477c2b7a0fa9c7b1a78626b3594b09d,2.3514793952042026,48.84661604793765
aed853ef8793692a94cc4e62bb91286ea5986f93,2.3514802275991475,48.8466196536156
146d84d5eb8872d4979e066b51622d8117224798,2.3507022767322288,48.84677370612467
6a32da3c0d0db7a1840464e8096b33def92dd58d,2.3479768258150084,48.84863503038998
d1a7027649a4acd684daf6dbb66318ee9401bc0e,2.3520707027708236,48.8445068808117
dca81f3f36c602cec99f8eea31e0fda2ac20393f,2.3520619405487047,48.84456102587108
c7a6c5e8a3cbf1944f339e5ffecbb7b78867eac1,2.349762601323422,48.82909137016343
77da9bf19d1061fe232b04418cad4876e94775b2,2.393019252804145,48.83860325511016
3dfd2b401afa1bb94244ccf666fb2cde73a62e28,2.305256520174017,48.82625940887902
911ce38e8bd69ffba10031f8ce76c2a45e2e959a,2.338643168829737,48.88980057359387
1b3701c08b5b5eb64efa7f2da8ec3c2f5e434373,2.2561503791686564,48.835833013153305
ed88efd8cc3a23f9d90d67364ef52672d6a688f1,2.3377441467908455,48.884474490367445
1a49051189fd2ff176d89cde596c2c0c64b43bd0,2.26700189203894,48.83979661629487
9cf04cd247c4d76e40d426c14293ca8c0876dad9,2.3047969535524007,48.82635297491605
a5cd74fc816acacba6bb693f2b4feaed01a25d51,2.3051864914324143,48.8262635814816
4c8751e9f435a370ad06315575fbcfd34674356b,2.3529232619755467,48.861949929176596
3867c8fd500866e147575dac9b1bcd7e2986acf6,2.2947214672782517,48.86030172722875
714a71b933271c169667770fa8c5ae0c26cdb2f0,2.290884450473861,48.857581069469234
70ccc10ef6c7270dc083fb963812087b1f80d607,2.3444807758555406,48.89163088798416
0dc1f4d25337fa80a9fb29defa7745d30758eca6,2.382465163552592,48.87492145339504
355572db63f75004898f9b6d8ee34777fb932856,2.3483310904678976,48.8528678907627
081b1aab52186c3804f1d21c9c942c8311d86335,2.3771796345194827,48.874009237195835
0fc9ce91ec110a6406e93d4ea6981b7cb6838476,2.360128395018309,48.85075396031887
638cfe1bf3786831e22ce9bdeaa09328f9b640ac,2.354069964400113,48.88486898820741
fe8626ac89ebaab0aa7bf0d2687c1336b5c650ca,2.295303528828922,48.873969886525074
a92a6d0d9c49ebe6109a609a9df48388793c62a9,2.3550533455931575,48.85135138778237
48db41a4373ab189f35f544583bc4e68f6a9c4eb,2.3574628362789842,48.85234167654903
1aa1f0642c4ef399c719590e9f2bdfe00da2b315,2.3570145153838835,48.85598015365938
d9e0291756beba5979e32febc3cc649650c9a65e,2.372583582706741,48.8488058023249
23a791f531e41a651a2dbee142df8ba7b68a943f,2.377525684383724,48.846421918176276
61190c6248f271af1c467e177e1d4ee8ece9e344,2.371070764621652,48.83927592027478
e624b1d289ff64416f975efd024ae02054398a14,2.3812621731685035,48.87577440125187
41366496d6663fdd23c02c9f249dacfb1f3ead19,2.330095016117441,48.85941399069291
2b7e8b36d75acc56ca260374f71186a2d8f07651,2.3778898712427097,48.87329657521829
8033a6339e86e12ce74568738a4d8e2099a97852,2.253654188293993,48.84041760937864
d1f1bcde9da9f5932ae5f0247b15f17de2f44ce7,2.339223852199592,48.89228192597189
884258f1ffb2f9de88d77aa27b2b268303374b4e,2.4026947988671234,48.876206162743394
a6957370b0658f5213e28b62d65c2eff38367f17,2.28696552898052,48.859436115014766
76bedbd18cb023463e856eb2af6f3e9126ae4684,2.346276843268453,48.863202694770635
74827f423ebc04c71a1eaee21aa95f20b0babc7a,2.348555632677638,48.85233341420876
019ab5042f29ee55c40d55e10e434788f8909a86,2.2701949089098266,48.837498050068895
a76ea52debf4bcfa9edb07fc6ad09b0c21a1fd57,2.389860456093672,48.873186411064786
d823a022a31828700d435e0efaf76b74410f634f,2.402685588034921,48.87615847651702
98fea2f1f19c83bf6f7bd6f5be3352d751d70285,2.3460436972581515,48.86095906829226
e9ebc8ffc545827d7eda0e74797e28473054a5f8,2.275161287522293,48.85822249064573
961b3e0b2f96b708854f3df087471e2c11164db7,2.3960550940921386,48.8712655988879
4a69f5f383a00762fdb102fece16d8a11bc8942f,2.3808571484932908,48.82913398999424
78a3aa637a5d41567f3a24c90d742a1385d89bc5,2.380814323168279,48.82911526455278
ac46e353368ef52971c2f883364fb37ddb620cca,2.363161090885676,48.87387281157154
81b8b7bc1c211846cef192c48363e9d6d62aa3e2,2.3754842350187935,48.829701859631584
dad8598560078f8df458c92758f27c9660b9b352,2.3640030714415277,48.87321655103807
d8db809c037f7660331bfa9e0ae7aadc908b49c9,2.368180321115765,48.841799306217766
b05b3a380f0dfa3f74ef3f12c2505d07657678f7,2.338926578790698,48.85898050606365
b83384a4c45889d1f7dd36fe0c35f70fe3eceb51,2.3371164603356225,48.85918685003667
08c58c66989dbc4ab100977ec92186065c2963b1,2.364256198249143,48.87652791727945
d6415d08106d33bd8e660bd99b3d30a48705a6e9,2.3558071692779694,48.87590512382245
df510d62ab7016735ca152029c105fb23ab079a2,2.3281504798522104,48.89687117398747
6ee304c52210d38c7c00f2869e9c04b8ebf64101,2.3408420917830144,48.84793194559843
6f195b1c9fe5a06babf6d271e6e275594216a545,2.3802701528702923,48.889240894001645
6d44be4b783373683c737cf8db82c1d787fd501c,2.3396389239872644,48.85106397278863
cc577a94bde0cde085ff0183fb6bf3daa0075a4e,2.3855672310620837,48.826984723908176
09195f07759feebd81bfbe2e7c2bc6b58fa3ff91,2.3439092932346233,48.863142309394135
d2cf7acbfc48fad076999bc841fa11029356ecba,2.3472293427370654,48.837180214925446
a75aa51c586264b02cf61cd820ab4ba224fed6e8,2.3399925263751298,48.84892946383151
c2948eb1ec4ce42a4bbd9426962a9218ea8ab7da,2.340940514244215,48.84793138825964
1532a70219068e40e7c6153d19cf3dfd1bfad9db,2.318610388100687,48.87449851442536
e0989ecb917f0e8cc0d24c9df75317c3f91d62d6,2.3898677339867325,48.879088443834185
ca06da632887bcf4c04c301b667f8ac50a0f4ce5,2.3902792972595184,48.879084261844696
b61701664a043f729c55705781abcb3d040db42d,2.344528326830907,48.85440937338934
7c6f815fef3d0fa77d5db5b361d0e33280e6f9bb,2.365845874801296,48.87087457573613
77332b9bb5976e33d56614e5d1eccbed1b3b8c6b,2.297471597831761,48.8618744779429
2546d46a80c5299026fc7bc2ff385ea184bf3017,2.365576062413937,48.87078469386205
7b3167d001c753a521438079799a0a33afb73a3f,2.339850241017898,48.858796998798894
52788e950439256622697f3ab05aa85e6bc0bd7f,2.2778638986687807,48.85001796134666
928d24185a5592146e6dd1f9638fadaad1d946c7,2.31931038264431,48.83905666505673
292ab0c34b3e8f6add75608d74461edf2437d51a,2.31155729393374,48.88815099054027
402e1e6919c5880355335990c3ea24bb293f9c5c,2.3951494665412327,48.88868025971268
c3baa48142cdd51d819aa1c5aa8cd2b3a83c6bad,2.3078203804543285,48.88898878271172
bffeb31e5e557056d92e6609db6847e307fe31e7,2.341902751466247,48.83806439872433
58c54a448e93f6e447580ec5e7dd70964339e198,2.346068881407312,48.88740896058679
f79671d21922d4c20becf63a80fd10472f67d611,2.306009106134605,48.86280800138916
20d913090b2b9699bd46cd2acf717c65f30e3f20,2.306133787690117,48.86281143498849
72172a8a04fa201ae96e6af87a05a1af67a2a914,2.3494488734304886,48.85546112372435
d872b7db6636602a268153cf39461d5c576acf56,2.3388477149614566,48.8900645171897
3f9ec495a15b93eb2bdc2df4bb77ac7885526fe3,2.3511985323427202,48.85466203579351
3a7725c4a6c3789b94d2c7a30fea1fc8ee4f74a4,2.347692143958402,48.85365347348303
66d6f54160f250bebd45db4e234ab7952d21ad69,2.4086986493980747,48.86853771008871
9161e5ac067b2ac41eeaa81051e04509af30d853,2.3552590173984047,48.853077389628766
24b3486a88a474153fa780bcf001c32413593b6c,2.353283145739486,48.85265532697375
344ed2eba4f976232bd8087f815474921785f05c,2.356679135859011,48.85260732064449
d4cbdfe4ad84839776b166ed42cbaeda3784cd87,2.358515220131177,48.85200947126754
42ea2a599bcf0fa99d0ee5bda95e8119e8feb4c7,2.3776165884633182,48.846438056981256
1dae6a4b3be15f985ec85bb67388ac946420a57a,2.27833949165612,48.850531093737374
400a0ba9ef02113682a65ffd3b5836c265b6fa4d,2.401464002374285,48.84303499686956
547e1ea1fdd51ab51b9456a2350eadcd69eb346d,2.4027261774578355,48.876215230386904
babd9b38e6d682afe633f0e7bd1dc12118dd423c,2.358672972671153,48.8678219047444
2a5907b277c89cc275e79114d31ed36fb9649606,2.399932224698635,48.87994037687279
2da3486c10b6d07a4239867f3af3f480dce10e07,2.399818324905185,48.87984084298447
70291c8bea17eb792e3d4bd89cdb263c6471adce,2.391471106982181,48.8713209585433
81d5f83ce1c6fc167e8f8c8191aab0720082e049,2.4029097370129224,48.87626854776143
5459018b240e363fe86618244676413bd93eefcb,2.4030088918584163,48.8762988001323
ed3edae1d74ad9eb5fb5724aac34cacabb3942bb,2.376754398289665,48.828584035938796
81fa6697fc0addbc1fc726e8a54d30a163c4282f,2.2803218484465284,48.85046316866508
a5b268acfa879d20d7bb67ab7e1886569ec31b34,2.3637638881242444,48.8731359180439
cfd531172134cfd04929bd5043b6738285286515,2.414441629823077,48.85771316191391
4b68c16eb37191d21e0eb6a19f3c7dd49cda8ba7,2.380276761305866,48.82910247292313
0a23b58f950fe6d15da551566bdd9e3cbca739c5,2.3693714110416426,48.84059059381069
9728e4f4fa3a91e7d7fce994e01102688f295e43,2.2956818339835277,48.84525567929372
67a51789aaf880be4effefcda68beb38201ba370,2.3888677285716584,48.838356120158025
d8f62265caa5a86de3d7f8dcd82ce24a35b2a837,2.364437181630158,48.87674185868384
215e320250afd678529a9c953b0fb1d8c1f7c8da,2.3001865931555114,48.827564772608966
6305d37f024308811e6a220cbaf96d03d3a3bd68,2.341985810407348,48.88532338318964
34432e1cece39132a17705f518b54714dd920f60,2.34052499153968,48.88516527785485
c1cbae6beed56ac540206d017c5b6ffd1920f981,2.36782018051884,48.84910339417068
d05a4bd9be5cf436c7611707c5acdbce635a1648,2.342076619101938,48.885673389994196
4ae0b945684e9d81952fde49f3f55bd989fb0f3e,2.3683244311997202,48.858596710623644
cb81e8c1f2408663ab292eb4866e58bb284b2dff,2.345042162186802,48.88604461677284
ff33bcda3304b8fcbf1dd8e37c55aea379694058,2.3408270043809987,48.85718538818204
9399b606a9a7447ba99e211716954c05663b1784,2.3779761153575056,48.877710494345564
5b81a176cff52e53217f6eb757cc9b0ac24663bc,2.338049063871804,48.88830871450797
5809d8fd44dea9c07c4c59fcf5b968295d7316f5,2.340825105930364,48.848210423884076
3869ec138e83bfc272f7503a4581661dd1bced97,2.3366631805676064,48.816639174291616
69a49f3541945be69d8b3c45d97d75cd8b5770cb,2.379420689982884,48.88851021874434
9276f9f05b368cac13453a3e21290a2131f169ce,2.340897083979013,48.84782177495929
cb7c6519936049181cf6fd087412a317c699835d,2.380326316115061,48.88919165822065
16a8a0cd7d5fac06680a9e5f6dfc826e259800a8,2.408344849439875,48.866123954204035
4c66b648cf82422837ee86ad8ff2076d22c9699f,2.4067588066361663,48.865945782579985
7953d2e8dd952b2fd55655cbb4987f5e4e13976e,2.3469984641543875,48.837424836195524
6acf76f7657a6c783560470524cf26aa4f5e814f,2.3272845269629348,48.896490063847324
6fb9e398c1afeb47501af64391c503e8fcf62309,2.327455389773132,48.896515437914125
b6bd5543395a798edb6887490c80cb2a144eeb0b,2.3922181756576575,48.839041649981695
235bcef2cadafef8aaa9889969fa074ba42239fb,2.2865739527016795,48.85670522340234
96960ec2674e7765053bf49c3e1f3c8748787406,2.270404282040059,48.837471092939566
d3c6e12559066d5ec67aedf4bc9d3682092a2a1d,2.340306355864534,48.824609530537934
4283e76741f15d1002341074d816d5a87f65eb30,2.3478945492030414,48.85265561687689
0f2a20fc6bc6c12d02c078beb77bba7893890526,2.37471248273023,48.827083141921435
d806eda7f0a7499490ed844174ba25d1fcdaec16,2.347782548960913,48.84932725605005
d36d6d68297facecd5849d6bf29955ae983cc401,2.270626610765161,48.83794309450579
09e910438c491ad982b823220ca4904769fb0387,2.348987565710131,48.85178237951157
e16b9bbd9a93b4d535384d3b4c533c4a54276fe6,2.3728580623800286,48.82613887216465
d3a8afc051554614fbdd214080644a3f83d60487,2.351477710222018,48.84660899986897
bc38e00e69dbbaa807b0cbd5a97b56c8049e0ca3,2.3514619714699645,48.846603911804756
ff97368bb89fc1ae1bc88f2ef204c2002db5ecb6,2.403121015698361,48.860399258868334
3fa626bcb67905326f80146bca599e9951c6140f,2.400472282107132,48.86174140725092
64d95f35647dff2fd9a7b0e9d65dc8691fc2610a,2.3296320573855605,48.8608922341653
fc33c0b4508574b695cfd5c57ff54174ad869e98,2.3251122370810577,48.86237665092544
c5c6bf212057a30dfc9c9f98a77cdffc7f4bfb96,2.3754634431081274,48.8857720812671
be0208f2b8925799e52db175d475502ca11a8eec,2.408544975405066,48.866119529264715
61d4198ddb372f6410c15722fb620c45432f5394,2.3462219164164457,48.861128560838324
46096723f1a0c3ccde1674a1d1553d73c01e214f,2.3440544319837264,48.86324373407192
c4d4c905b706df6d49cb39389de534ade5e962eb,2.3477503858414663,48.86160241220653
644abeb0923e179bcbd5ebf7f4d03346cc75b874,2.3522802532632645,48.87846474520964
08d8e2771c8133795693342e0ea6b104ee02f1ff,2.396909639994185,48.88085692373537
40eebc7661284da29e3bd013efbbab1390cdcc86,2.3477022794965556,48.86165831516783
316cc9029d2517a76af0012d3de20761a04fa3dd,2.345313213607643,48.86136509403077
51986d8537d9fc9723834366e983e3a3008c0248,2.3454593560689103,48.86146339067959
bd88142cf35f10bd594936651aa6c9f10a5f998b,2.296737782825221,48.83572622447957
c94e7ca740feb78b7e6599cd8219a382c48634bc,2.3781879043226866,48.87631276639715
520dfb3ee2687e07b78f14e6c43677164e74097a,2.3421111904275276,48.890695585568324
528610c53330b6774f8814bc1f29ccc49b62665d,2.347042105363697,48.87768561508792
a3330fbab2676f000332fc05aa49ba14df66b411,2.2856596074119517,48.85745910283183
760efe47ff7b9e7ac25604bd109fbfe876cb3553,2.32521048777553,48.860957034543596
ec38765989ea43343f1d5d2312d472c47b8c2231,2.369263982481939,48.84054420666055
531629a09d247436a9199d33959360594601bd2f,2.369431394416824,48.84059961147895
14e6c9e91ffaea9510a6df59605f38ddc6a475e5,2.355808171483748,48.87591252771494
78f8e5c1874112bebfe37ffb95b9d194aaf8d5f1,2.369031944239849,48.84048570045388
31f827d0ccf74e88a89275bdc4f0c737b4964452,2.333873368589799,48.87141818364
2ddb1b6e68947c7c16d8cdfd76122222c35b75ba,2.339003700474489,48.88648332567789
cbbb08dc0dcd4e60f15b7fe203587421cb294e40,2.342322888293951,48.88484079144044
0c112afa995b6f404b4248517a5028f0cbe77842,2.3404062563479284,48.88603489819833
59133c75eb10191f4c3a88e3ff856d2a5765b3f8,2.372981867174729,48.83188997005775
2ae9580b43466d7edf7681c33870d62b9c891906,2.3514810301324425,48.8466232264903
be2001e3c019681bd27d2e609c0e9002e0ff119b,2.3497487166606668,48.82891066540225
643d969e6fc1399645021403802a5bbbfb96350a,2.3900626337285065,48.88186934416068
3e285bd42101b79de7658e1779da9158d1ac1dd6,2.4073303474239083,48.86810858450107
6b4c0645c6dbd2af39e94e304af93bfb00ed0e69,2.3647773024548475,48.84455103000605
d73cb82532234127f21158ed3182a6a5a66b8f42,2.351473053508989,48.84661870031462
67a2b24f5cc507dfe1888bb30e3c51b12222998c,2.3049683050238623,48.825532521822666
6a6f29efd8218085d41feb1ec7727e5c14b95cb4,2.404636061117428,48.86806781325455
efe9dc57c36b65a004339e8ef54e4bd4404dfbd0,2.408519576759555,48.84662922591944
1af91ebfae5813a3fa512ad96c5cd3777bcb123d,2.3380872727363413,48.886132988367294
769235b23be879c44ba03d8aba6423a66c72e016,2.335788239061168,48.8891742481156
40f4308369a49b378275e9636937fdacf76e823b,2.338380649879187,48.885431462705846
312de97dde3f7ac0402f794d5072be8b1923cdf1,2.336060581354559,48.88730199149593
ae27c57732dbb718b13cd14163eca426a73ea877,2.344469896263901,48.88625599957573
b12441c9a9ac80983bb18dfdf66b91d60cd9477f,2.3612806208367516,48.850463121462845
99b2eb7b597075ccbf257e15042d28c7a7bf8e0b,2.342026513486878,48.885543874100556
55338334e6737e8f35b8d2a53eb0f24ae3be28c0,2.3403263764233797,48.88590028971817
828d0653eb0646ef91b36374b584ef044b318f1f,2.3424409491522966,48.88506801349513
5f73e4f2dd194724c7a2543697d353d942044da9,2.3674458372310334,48.86166188003313
cdb14c26dfab07b63fa355ae196c1ff5482911cd,2.3486157433841743,48.848957425672175
835c7ab7636abd45e7a5ce70264bd6f78c27ca4b,2.3486321470947624,48.84900479830615
a5a4ac6fa1d1b9cd526f31ad6fe72e00b4f9d2ba,2.3747567327776102,48.83659859971224
18da4e59d5249071444ca0aed1fa7c91d9537881,2.3196372770025837,48.839335401372956
6d2b4e93e4f5f4933e4da5678b981cc0ce5f54b4,2.3789523561524595,48.835865341663954
e29fb6eebf489ca5e1fc6fbf5caf1ee7d6531303,2.32017147589627,48.8397893835739
e09e57b1cdaa1fbe3ce7d35cfbf973ea93f7f61f,2.2863767842075537,48.85690171216657
2f5bb71f30aadbde30cfeba68676125826fa4987,2.3486946914685434,48.84920097106069
a5217acfb47dd8e81f61d4f9ea15a9bc8c3714f8,2.3205166695864365,48.84140864746074
de9c9922a14cb6000fcc513b1996c66ef0b8b2cf,2.318199453446828,48.84035680746895
1a3c1dcce004180cc0dec7cdca5fa41482a14812,2.345406334615178,48.86144235757783
0a3539f6aa4be3cb6f917f8e3692eb13cbade459,2.3879321772588122,48.87155053748245
0266871b8b93ab72eb919588801677ef891970eb,2.2712101566085012,48.83945089694872
db7e0b6e571fcc430e7ce64db326a87e58efc740,2.3437306476247164,48.862568722465156
47d07308b0dfd4df14274562934ece6fa39d0d03,2.345765375298694,48.86088909262279
0dd525d8d8a7fbf6adaf8dd6b52a6dc38fc6886c,2.346409148241154,48.86221639455166
8478a5803b4aa60f89a3fd55749709c6089b18c1,2.379467562635115,48.8891215210708
5e5c91ed8fc619f6b23d69874369256bff07637f,2.345560755770605,48.86093827461613
0a1360b5fdcc0a68fc3d4bf9e524456b36d8dbe7,2.388497680505976,48.87109609691706
9a80547872042afcabdad117ece7eaa56b83597a,2.3549352804819756,48.82107908608907
4cc7df62a889fc6a0bdeeeb3ad123e1b4605a233,2.2823976367250265,48.85636377405393
284b4e891699b6a9eae380f4f438e372e90173e5,2.3848127570032336,48.89083757320907
25a7e40b17b227184ec3743cfe65e8dc0d62af83,2.3372215067473854,48.857783398118414
63836aaae7efce8811656b3cab10cc65eebaf454,2.351464340363392,48.84661411445042
90c0ad8192561fa6cd05bb204c9351a38b8fc0cc,2.347181220227766,48.87765633377372
c83a91fc898a67f4e8143fdeffe496fe97c1ff3e,2.326341731565667,48.87776270079455
9e702f110bd04f0d72e067f2c5aa570b5e95fe58,2.3726329221628806,48.848840797597546
a8fca6aea9e93e2a2967aedfc893cb52633ae98c,2.325720439487168,48.86091310896893
a1d37d3ab5c5d142c9969d60925e238fa3dbf7d8,2.338149889539423,48.896829893427565
1fe712bdeb7c184dfa5fde48d72a0ee8ed48e00b,2.3779521738657894,48.873199767317175
0ed254bf6ec31e9d3d0fef2f1ac13c8484de582f,2.3514785103290956,48.84661252973096
8095bf35549b962e34e045b9b1cf132f292ea641,2.403997841338545,48.8603044019098
e8dd0cb104a01704738d1f387a800374fce2f320,2.3415133290625074,48.890054821745714
99599451af8001d46633b29fb6770c19fa325bb1,2.3357130764725382,48.88996517633084
573049229b463ba7a89dc0ce479fd8a33b952544,2.345186370593309,48.854129392554434
4002d09b7dfa52fbf70f12199c7a2e97b6ce1e23,2.2950989129024473,48.874034936455885
a3f660af0ff40ffa458ed36bc347424bb904c076,2.3367768436999574,48.8166272513553
a01271d043067dd67c4134b53aa88c8577f96d29,2.350837336889754,48.854893479795116
cad0238df09c1c54a0d6fd936c65361e8d12ab1f,2.3764426889504042,48.87399014219263
a2b500be32349b2a0a55980cc3590bfeae95d55b,2.3539472559057053,48.88505943292724
39f294a92456404d54738404c752246148873d36,2.386498160553574,48.88391436548442
2f22175f57a690f6fe6d31685f36df7f94179ad8,2.3574294704782326,48.83768774239376
36d58c9721039fc94eb7f77c243ef79a2a511775,2.3456365563158794,48.84925208355886
ca34b16333aa8622efad628563d0a5e7a87446cb,2.3710672746047416,48.88359714715717
7a46d77ab004f481861b3d5bf27d404e52ad1897,2.3309046344880318,48.885378357330865
3bd54251f71ba7a288e791f75f9d83ccaa9de509,2.295728255767468,48.86454221729041
de0e6ebea164adcfa1b29c7c6fc135cf3f472170,2.2964372068542316,48.863477189474025
3d0fedee58b597097f9869a133a51a46ff73053b,2.3511326106938717,48.82995405263848
42779bdd3aeca6b7b5e8c37d2cda1ff10e4a226a,2.3922397294401048,48.84162508774979
813eb75d71a2481478fe51400e182fff238bb571,2.296530467973934,48.86325215915686
b7edbdf34c4433a1abe320383b900e8570c35002,2.349117493553748,48.83693186817698
38dd5f9dce0aa7b2c16cfbe7f719d12ce19e851c,2.361267837756984,48.853473131157905
cffae8c2144b0c28938355d7115f381ea5f1d570,2.2965654112763128,48.86326264392371
c276165a77a79a9c1ff4934ce5aed5ea0fb096e4,2.3599419817843375,48.87535028176485
fb5c51d770a6411b8b8ce57ddd81d27ee7fc80d9,2.3935331237024697,48.85063676670931
0dadbd51405b9f63e441975158ed9e1014fc900a,2.3372824134475967,48.85776169489914
ba5ff2e0d52a5f5786a185e7a0873c33d0bf1d1d,2.351478200307708,48.84664142216533
e553299c3919d221f5c07bdc5df188eb0ba1772a,2.279522016235824,48.85431129159906
319d4d6c89f4539c4ffd271856225003d97a80d1,2.2874472584299075,48.85548880546525
a87535c14f28177295c7cba7d6e1e9d8ce891411,2.354586174688587,48.8502287675163
db1a9dd36deae5101092dcda8ca41cbf953bb199,2.280584170382637,48.851975574835826
42798267a5f207dbea0c4c69a2ed26e97e034445,2.3462070383681954,48.84908040643435
a1c051fe2ed844b372d4d71841499eef30f3828b,2.388657516179657,48.869584792168986
9ebd32a9f44ce1e2c2bd48ccefd28e2d9513edb2,2.370682631049756,48.88374315314898
b07e8f207769d9e51a21237674460df99243d25b,2.3520860448402674,48.8445564512258
1912fdf40270a7f436e96eac2dd22a60338ed192,2.352045934881329,48.844509118447775
c9a974f7cc97652a2df441e9859c6d1fe68e765e,2.4016026210693795,48.84301149558452
30228658e53e8726bdeefcba90624c45320683cb,2.3755631946729814,48.88582141155157
95005d425b949884534ea84a1ca83c7fafecd020,2.311431568387063,48.887981858361734
8d7074870917b1471df061882475e5ca8f0177ce,2.341904518444229,48.88944387027081
678c14ce0223c3704ff092af2eae6de4e7602dc3,2.392059628819463,48.88490957240721
cae6b2f62132fdb1cdb145f69d7bd23c0611ac7e,2.3755083746723495,48.83013154635408
3c905a7cff7d4522c011d0329a169961d7a6cfb1,2.3901386050934796,48.86790073303233
f62afc9e5df70214082da889d77f71981add170d,2.3619900865173213,48.83318091087075
9cbb9c13078abc60765f30350fa3dc1a6d17ff49,2.3438874219706847,48.888956396804524
71ba3799d30e42e268a6c92c96d8e466c339d9d2,2.3399858468836845,48.886297993896385
7e3a115d8f58d1d14b830d13b720b8a550a7d7f2,2.338066504171216,48.88613715863342
1a81546604da949c7c916ad249da9618266573d8,2.384747396087617,48.8912305802151
4b9efb908306e3bdf739c2f66e646d6e5ee9f436,2.387119380131359,48.85055200608632
a1cb5d89c87fad3a84271089f5a719ae9c83db63,2.378229297284326,48.87664688957878
694bfd1577aa58088db24c888c8bba73bf99521c,2.3211047587433686,48.837319531487026
28dad832d8804cabb495eda3f23c7b9ad928c0cb,2.3431440773723966,48.85699480418184
106c8570ebc4bfd38ed9258a37860283bff12dc6,2.340782360378603,48.857117466754616
045f443aa5d1673dc4fc937f9dc5a3c860c951a2,2.341732845532175,48.85635383901482
1211c04f993520e9e906d4b1aae97978ce22d8dc,2.3848602267769,48.893862948520294
9cc532892a392e6ac04f25b3a2c90613474cd45c,2.318259219038461,48.84040754005717
e64135217eddca45cbea374a93867e7416d38970,2.296406045106376,48.86346128041526
9836e25f90b0f37ddd860e741479959325f77c77,2.3516618513552587,48.847890867454346
fe513ee7ccb1aed998f9c6d7aab0754f621e0ec7,2.382779524120995,48.83781308595489
5ed88c3a08a8dc0afb80fe3a766e91dac28c1537,2.3758415966679065,48.82989352212536
3a6359b58b880574ef9589481e5d11e401400223,2.287084557555956,48.85875425088717
259c4a1eb5142f1a9e4c7b5378ac29c96e3f25cb,2.3779501750467325,48.87324381312056
44da6523c1dd16418b024ae08a7fe86b7c036f78,2.3294990716514983,48.86091174112514
e55e3f04c4b0cf2a324e51802afc6c543891ef3b,2.3514635242262623,48.84661051728528
368c8f76138057a4a09d69f5800a64807d416592,2.3514768988983037,48.84660543412972
d852d9b783acd3c9715ae5e95f9941b86a484633,2.351470150880845,48.846638767681576
ed184a9cb31863819494b77ba1496d4349dd4dca,2.3514834689382726,48.8466336694723
5aed286961e0cff2ce84d3b30b0f7b65896408d8,2.3746351726862986,48.886592893134875
83edba3fa659bcefdf30aae8843771424861a17b,2.3249881021118095,48.86241665302516
5c87a0583d623e8ec8730452809e23701b7de498,2.292286571906572,48.878969203357876
aff880c987f9df57667fbe53a10058c420e7521e,2.3730859498665446,48.82620505603487
dd36b511a43974897d991062816231ef767e87fe,2.3116442309298324,48.88821691160321
b79a1f1fe7fdb4ee33657e42ea2d21e8bb728dd3,2.307762805656054,48.88891490817484
24f66da9dce74c1664052b92742a253c12fbfddc,2.342457588746831,48.884850265239166
a8e96660d69ba36503917d4edbbfe0e0d2875644,2.342327962599783,48.8856520287139
1e415c68a12d186538f72e22aea51f012a4a0c1c,2.3610566775044863,48.85058216009171
331447d860a4b848615e201c19c3d59bfb0f8dfc,2.3434443965283447,48.88833040315805
d31892add4a1e08a23479b80557ca939d0a9f357,2.3121868059218365,48.88666834605946
58e8784c3f01db6daffb3d3179bd758da8e3d6c5,2.3420034551365414,48.888498735707124
22ce9a6b94dc7c856385392811bbe90e8407162b,2.344119694021233,48.889064349159696
833329c791a2ba576236d0fb04b65cd5762345d2,2.3121442766075133,48.886665238492775
e299a76d04a7d6438869099761ca5717435f0dd3,2.3531793098799296,48.840415306701566
e78897ca7926f20f8039438ca2fd31f43b2445c3,2.3508971233148945,48.843328699801425
0d2a5009d58516dad663705540bc0944fae085ed,2.3472186936804755,48.88745497512929
d1bfa71232a7e212d82e4035585f9da6fbe5f468,2.311320360055472,48.8865780501881
2f7804177c7cdf91dbcdf140a17f6919c0d20be4,2.3053234475614337,48.82636449653552
37a63fa739ec9b89a39a0879ccb7ca13f1cf7f72,2.3514652312492124,48.84661764446577
0e9622f242d89d76efb8be52b14f135461198977,2.3565105031784275,48.85365211666579
adc0738c3a456b414010873f2a365eab0223fdd7,2.33360814672583,48.82012493191147
45665c869a7a1cf6cf57527c3b871b0121c3882a,2.3539490667914738,48.88509943687326
7e216d4471a139bcd92a2bf1e748d2db5f36c5be,2.3607933693404783,48.85300978146584
9515c41d23f1bb84af3267a861813e2a92ce2da1,2.361047134173794,48.85083244107462
543a6fb7b83767f08d28fb80fd6e578faf16ef9b,2.348426951316456,48.853382895162
bd4112f88c35a86ade3e6a6ba2935a9d85640601,2.360453549745517,48.85294065287638
ff4647e8b9acebfd6272df4df8c573835a3cef4b,2.3366968217788586,48.816643975116996
804db114f5552a21dd2ed7942a556cc9b23a56f3,2.360086515056456,48.85214838515184
931ec022d8257fb2db7c28016d984043e96efc27,2.36348489995464,48.87306571637795
c62f2863fad41decc4a23377db3e61c2c14cdc92,2.2672044580262805,48.840004204784506
728bf45426d4136a45fadccb6a9d07234b66984f,2.3408912535349407,48.857246586135986
5c55b56fe18e6e1099cb858da6660ee3ee22767e,2.390888563789451,48.8786134859452
940078c933a07b8a01d22f002bf8cdb7ff0a7c80,2.341449963261329,48.858563980279364
693704e262d80a666c77b7eedc7847b06590a192,2.320427812342883,48.83732064723211
3d853ca79601976bf975bda56723e872a83fb313,2.2778234257563574,48.850136020154075
11f605d48117a32b7f8702dab5e659773425e87e,2.3193731971533635,48.83911064225684
29e0145ef9a267023dff7d222752a8be00443c5f,2.3911514915219785,48.86609285059433
e8e6df30f366358be7ee7d7b318c3463bab8eef1,2.340666688351596,48.88898431923459
f145e7d48ab4aad2b91c61a60c1f3ec4f185f145,2.3442793863499896,48.88744706575853
46c23eb0b7c9cc381ff4df0b58fcf6c5aebad36c,2.3426818471851054,48.88942713457845
fa0ae0133cd74b880e631a9b0665ca5efdaacc41,2.3417157666838233,48.8879072342514
3728c29dcb2efba62245e144487ce815792c2bd0,2.3864867337233275,48.83084079413221
6fac820c5e881a1428a138877d2f055253dfd255,2.3348132073274663,48.82720731778302
f79a72cc93b096de53c2c8500128e2608f9f1f2b,2.3992365198504277,48.83306256483637
259f24b752a449188170d8cec53cf560fd2a9850,2.305813796321128,48.89175708908935
536924ec81bdfa8c34135a34f6af2034576d1040,2.399417062951921,48.832939623218095
8909d36541b13a743be2f94c93036f55c4688fdc,2.342804323645158,48.889596210578205
1ab415ef56842f3ffbcc125069b16573d2a41961,2.3434113689179377,48.888250441894805
23eaae35cf2a8cd1fa513170255b0deded9f9441,2.335368695530999,48.82562827927137
6cf4bad6f51b29f1cb4e104df39b1ae1404aed33,2.361507933374727,48.83366172530582
5de66c7c176240494d35e7d2838f7acdc197f60f,2.3469054317937132,48.837231375300355
00600d29b3f6027816cd01498bbe905396c79e6a,2.406831243319261,48.84005999953056
f3f0d922cce563958ba30ff5d2b96b827bfa7aa5,2.299578011076352,48.826011479293754
71a7d371244790f880783fd9e27fde69f714c876,2.39707373182263,48.89554917855137
47986b41e6c81622614f0a383eacef4ac2fa4a2b,2.340926445500869,48.8479636618799
2b7bf70e3bfedcdfd385a40d970123e9f34655c3,2.383485390280282,48.828582135817335
